<?xml version="1.0"?>
<doc>
    <assembly>
        <name>FluentAssertions.Json</name>
    </assembly>
    <members>
        <member name="M:FluentAssertions.Json.Common.StringExtensions.IndexOfFirstMismatch(System.String,System.String)">
            <summary>
            Finds the first index at which the <paramref name="value"/> does not match the <paramref name="expected"/>
            string anymore, including the exact casing.
            </summary>
        </member>
        <member name="M:FluentAssertions.Json.Common.StringExtensions.IndexOfFirstMismatch(System.String,System.String,System.StringComparison)">
            <summary>
            Finds the first index at which the <paramref name="value"/> does not match the <paramref name="expected"/>
            string anymore, accounting for the specified <paramref name="stringComparison"/>.
            </summary>
        </member>
        <member name="M:FluentAssertions.Json.Common.StringExtensions.IndexedSegmentAt(System.String,System.Int32)">
            <summary>
            Gets the quoted three characters at the specified index of a string, including the index itself.
            </summary>
        </member>
        <member name="M:FluentAssertions.Json.Common.StringExtensions.EscapePlaceholders(System.String)">
            <summary>
            Replaces all characters that might conflict with formatting placeholders with their escaped counterparts.
            </summary>
        </member>
        <member name="M:FluentAssertions.Json.Common.StringExtensions.Combine(System.String,System.String,System.String)">
            <summary>
            Joins a string with one or more other strings using a specified separator.
            </summary>
            <remarks>
            Any string that is empty (including the original string) is ignored. 
            </remarks>
        </member>
        <member name="M:FluentAssertions.Json.Common.StringExtensions.Capitalize(System.String)">
            <summary>
            Changes the first character of a string to uppercase.
            </summary>
        </member>
        <member name="T:FluentAssertions.Json.JsonAssertionExtensions">
            <summary>
                Contains extension methods for JToken assertions.
            </summary>
        </member>
        <member name="M:FluentAssertions.Json.JsonAssertionExtensions.Should(Newtonsoft.Json.Linq.JToken)">
            <summary>
                Returns an <see cref="T:FluentAssertions.Json.JTokenAssertions"/> object that can be used to assert the current <see cref="T:Newtonsoft.Json.Linq.JToken"/>.
            </summary>
        </member>
        <member name="M:FluentAssertions.Json.JsonAssertionExtensions.Should(Newtonsoft.Json.Linq.JObject)">
            <summary>
                Returns an <see cref="T:FluentAssertions.Json.JTokenAssertions"/> object that can be used to assert the current <see cref="T:Newtonsoft.Json.Linq.JObject"/>.
            </summary>
        </member>
        <member name="M:FluentAssertions.Json.JsonAssertionExtensions.Should(Newtonsoft.Json.Linq.JValue)">
            <summary>
                Returns an <see cref="T:FluentAssertions.Json.JTokenAssertions"/> object that can be used to assert the current <see cref="T:Newtonsoft.Json.Linq.JValue"/>.
            </summary>
        </member>
        <member name="T:FluentAssertions.Json.JTokenAssertions">
            <summary>
                Contains a number of methods to assert that an <see cref="T:Newtonsoft.Json.Linq.JToken" /> is in the expected state.
            </summary>
        </member>
        <member name="M:FluentAssertions.Json.JTokenAssertions.#ctor(Newtonsoft.Json.Linq.JToken)">
            <summary>
                Initializes a new instance of the <see cref="T:FluentAssertions.Json.JTokenAssertions" /> class.
            </summary>
            <param name="subject">The subject</param>
        </member>
        <member name="P:FluentAssertions.Json.JTokenAssertions.Identifier">
            <summary>
                Returns the type of the subject the assertion applies on.
            </summary>
        </member>
        <member name="M:FluentAssertions.Json.JTokenAssertions.BeEquivalentTo(System.String,System.String,System.Object[])">
            <summary>
                Asserts that the current <see cref="T:Newtonsoft.Json.Linq.JToken" /> is equivalent to the parsed <paramref name="expected" /> JSON,
                using an equivalent of <see cref="M:Newtonsoft.Json.Linq.JToken.DeepEquals(Newtonsoft.Json.Linq.JToken,Newtonsoft.Json.Linq.JToken)" />.
            </summary>
            <param name="expected">The string representation of the expected element</param>
            <param name="because">
                A formatted phrase as is supported by <see cref="M:System.String.Format(System.String,System.Object[])" /> explaining why the assertion
                is needed. If the phrase does not start with the word <i>because</i>, it is prepended automatically.
            </param>
            <param name="becauseArgs">
                Zero or more objects to format using the placeholders in <see paramref="because" />.
            </param>
        </member>
        <member name="M:FluentAssertions.Json.JTokenAssertions.BeEquivalentTo(Newtonsoft.Json.Linq.JToken,System.String,System.Object[])">
            <summary>
                Asserts that the current <see cref="T:Newtonsoft.Json.Linq.JToken" /> is equivalent to the <paramref name="expected" /> element,
                using an equivalent of <see cref="M:Newtonsoft.Json.Linq.JToken.DeepEquals(Newtonsoft.Json.Linq.JToken,Newtonsoft.Json.Linq.JToken)" />.
            </summary>
            <param name="expected">The expected element</param>
            <param name="because">
                A formatted phrase as is supported by <see cref="M:System.String.Format(System.String,System.Object[])" /> explaining why the assertion
                is needed. If the phrase does not start with the word <i>because</i>, it is prepended automatically.
            </param>
            <param name="becauseArgs">
                Zero or more objects to format using the placeholders in <see paramref="because" />.
            </param>
        </member>
        <member name="M:FluentAssertions.Json.JTokenAssertions.NotBeEquivalentTo(System.String,System.String,System.Object[])">
            <summary>
                Asserts that the current <see cref="T:Newtonsoft.Json.Linq.JToken" /> is not equivalent to the parsed <paramref name="unexpected" /> JSON,
                using an equivalent of <see cref="M:Newtonsoft.Json.Linq.JToken.DeepEquals(Newtonsoft.Json.Linq.JToken,Newtonsoft.Json.Linq.JToken)" />.
            </summary>
            <param name="unexpected">The string representation of the unexpected element</param>
            <param name="because">
                A formatted phrase as is supported by <see cref="M:System.String.Format(System.String,System.Object[])" /> explaining why the assertion
                is needed. If the phrase does not start with the word <i>because</i>, it is prepended automatically.
            </param>
            <param name="becauseArgs">
                Zero or more objects to format using the placeholders in <see paramref="because" />.
            </param>
        </member>
        <member name="M:FluentAssertions.Json.JTokenAssertions.NotBeEquivalentTo(Newtonsoft.Json.Linq.JToken,System.String,System.Object[])">
            <summary>
                Asserts that the current <see cref="T:Newtonsoft.Json.Linq.JToken" /> is not equivalent to the <paramref name="unexpected" /> element,
                using an equivalent of <see cref="M:Newtonsoft.Json.Linq.JToken.DeepEquals(Newtonsoft.Json.Linq.JToken,Newtonsoft.Json.Linq.JToken)" />.
            </summary>
            <param name="unexpected">The unexpected element</param>
            <param name="because">
                A formatted phrase as is supported by <see cref="M:System.String.Format(System.String,System.Object[])" /> explaining why the assertion
                is needed. If the phrase does not start with the word <i>because</i>, it is prepended automatically.
            </param>
            <param name="becauseArgs">
                Zero or more objects to format using the placeholders in <see paramref="because" />.
            </param>
        </member>
        <member name="M:FluentAssertions.Json.JTokenAssertions.HaveValue(System.String)">
            <summary>
                Asserts that the current <see cref="T:Newtonsoft.Json.Linq.JToken" /> has the specified <paramref name="expected" /> value.
            </summary>
            <param name="expected">The expected value</param>
        </member>
        <member name="M:FluentAssertions.Json.JTokenAssertions.HaveValue(System.String,System.String,System.Object[])">
            <summary>
                Asserts that the current <see cref="T:Newtonsoft.Json.Linq.JToken" /> has the specified <paramref name="expected" /> value.
            </summary>
            <param name="expected">The expected value</param>
            <param name="because">
                A formatted phrase as is supported by <see cref="M:System.String.Format(System.String,System.Object[])" /> explaining why the assertion
                is needed. If the phrase does not start with the word <i>because</i>, it is prepended automatically.
            </param>
            <param name="becauseArgs">
                Zero or more objects to format using the placeholders in <see paramref="because" />.
            </param>
        </member>
        <member name="M:FluentAssertions.Json.JTokenAssertions.NotHaveValue(System.String,System.String,System.Object[])">
            <summary>
                Asserts that the current <see cref="T:Newtonsoft.Json.Linq.JToken" /> does not have the specified <paramref name="unexpected" /> value.
            </summary>
            <param name="unexpected">The unexpected element</param>
            <param name="because">
                A formatted phrase as is supported by <see cref="M:System.String.Format(System.String,System.Object[])" /> explaining why the assertion
                is needed. If the phrase does not start with the word <i>because</i>, it is prepended automatically.
            </param>
            <param name="becauseArgs">
                Zero or more objects to format using the placeholders in <see paramref="because" />.
            </param>
        </member>
        <member name="M:FluentAssertions.Json.JTokenAssertions.MatchRegex(System.String)">
            <summary>
                Asserts that the current <see cref="T:Newtonsoft.Json.Linq.JToken" /> matches the specified <paramref name="regularExpression" /> regular expression pattern.
            </summary>
            <param name="regularExpression">The expected regular expression pattern</param>
        </member>
        <member name="M:FluentAssertions.Json.JTokenAssertions.MatchRegex(System.String,System.String,System.Object[])">
            <summary>
                Asserts that the current <see cref="T:Newtonsoft.Json.Linq.JToken" /> matches the specified <paramref name="regularExpression" /> regular expression pattern.
            </summary>
            <param name="regularExpression">The expected regular expression pattern</param>
            <param name="because">
                A formatted phrase as is supported by <see cref="M:System.String.Format(System.String,System.Object[])" /> explaining why the assertion
                is needed. If the phrase does not start with the word <i>because</i>, it is prepended automatically.
            </param>
            <param name="becauseArgs">
                Zero or more objects to format using the placeholders in <see paramref="because" />.
            </param>
        </member>
        <member name="M:FluentAssertions.Json.JTokenAssertions.NotMatchRegex(System.String,System.String,System.Object[])">
            <summary>
                Asserts that the current <see cref="T:Newtonsoft.Json.Linq.JToken" /> does not match the specified <paramref name="regularExpression" /> regular expression pattern.
            </summary>
            <param name="regularExpression">The expected regular expression pattern</param>
            <param name="because">
                A formatted phrase as is supported by <see cref="M:System.String.Format(System.String,System.Object[])" /> explaining why the assertion
                is needed. If the phrase does not start with the word <i>because</i>, it is prepended automatically.
            </param>
            <param name="becauseArgs">
                Zero or more objects to format using the placeholders in <see paramref="because" />.
            </param>
        </member>
        <member name="M:FluentAssertions.Json.JTokenAssertions.HaveElement(System.String)">
            <summary>
                Asserts that the current <see cref="T:Newtonsoft.Json.Linq.JToken" /> has a direct child element with the specified
                <paramref name="expected" /> name.
            </summary>
            <param name="expected">The name of the expected child element</param>
        </member>
        <member name="M:FluentAssertions.Json.JTokenAssertions.HaveElement(System.String,System.String,System.Object[])">
            <summary>
                Asserts that the current <see cref="T:Newtonsoft.Json.Linq.JToken" /> has a direct child element with the specified
                <paramref name="expected" /> name.
            </summary>
            <param name="expected">The name of the expected child element</param>
            <param name="because">
                A formatted phrase as is supported by <see cref="M:System.String.Format(System.String,System.Object[])" /> explaining why the assertion
                is needed. If the phrase does not start with the word <i>because</i>, it is prepended automatically.
            </param>
            <param name="becauseArgs">
                Zero or more objects to format using the placeholders in <see paramref="because" />.
            </param>
        </member>
        <member name="M:FluentAssertions.Json.JTokenAssertions.NotHaveElement(System.String,System.String,System.Object[])">
            <summary>
                Asserts that the current <see cref="T:Newtonsoft.Json.Linq.JToken" /> does not have a direct child element with the specified
                <paramref name="unexpected" /> name.
            </summary>
            <param name="unexpected">The name of the not expected child element</param>
            <param name="because">
                A formatted phrase as is supported by <see cref="M:System.String.Format(System.String,System.Object[])" /> explaining why the assertion
                is needed. If the phrase does not start with the word <i>because</i>, it is prepended automatically.
            </param>
            <param name="becauseArgs">
                Zero or more objects to format using the placeholders in <see paramref="because" />.
            </param>
        </member>
        <member name="M:FluentAssertions.Json.JTokenAssertions.ContainSingleItem(System.String,System.Object[])">
            <summary>
            Expects the current <see cref="T:Newtonsoft.Json.Linq.JToken" /> to contain only a single item.
            </summary>
            <param name="because">
            A formatted phrase as is supported by <see cref="M:System.String.Format(System.String,System.Object[])" /> explaining why the assertion
            is needed. If the phrase does not start with the word <i>because</i>, it is prepended automatically.
            </param>
            <param name="becauseArgs">
            Zero or more objects to format using the placeholders in <see cref="!:because" />.
            </param>
        </member>
        <member name="M:FluentAssertions.Json.JTokenAssertions.HaveCount(System.Int32,System.String,System.Object[])">
            <summary>
            Asserts that the number of items in the current <see cref="T:Newtonsoft.Json.Linq.JToken" /> matches the supplied <paramref name="expected" /> amount.
            </summary>
            <param name="expected">The expected number of items in the current <see cref="T:Newtonsoft.Json.Linq.JToken" />.</param>
            <param name="because">
            A formatted phrase as is supported by <see cref="M:System.String.Format(System.String,System.Object[])" /> explaining why the assertion
            is needed. If the phrase does not start with the word <i>because</i>, it is prepended automatically.
            </param>
            <param name="becauseArgs">
            Zero or more objects to format using the placeholders in <see cref="!:because" />.
            </param>
        </member>
        <member name="M:FluentAssertions.Json.JTokenAssertions.ContainSubtree(System.String,System.String,System.Object[])">
            <summary>
            Recursively asserts that the current <see cref="T:Newtonsoft.Json.Linq.JToken"/> contains at least the properties or elements of the specified <paramref name="substree"/>.
            </summary>
            <param name="subtree">The subtree to search for</param>
            <param name="because">
            A formatted phrase as is supported by <see cref="M:System.String.Format(System.String,System.Object[])" /> explaining why the assertion
            is needed. If the phrase does not start with the word <i>because</i>, it is prepended automatically.
            </param>
            <param name="becauseArgs">
            Zero or more objects to format using the placeholders in <see cref="!:because" />.
            </param>
            <remarks>Use this method to match the current <see cref="T:Newtonsoft.Json.Linq.JToken"/> against an arbitrary subtree, 
            permitting it to contain any additional properties or elements. This way we can test multiple properties on a <see cref="T:Newtonsoft.Json.Linq.JObject"/> at once,
            or test if a <see cref="T:Newtonsoft.Json.Linq.JArray"/> contains any items that match a set of properties, assert that a JSON document has a given shape, etc. </remarks>
            <example>
            This example asserts the values of multiple properties of a child object within a JSON document.
            <code>
            var json = JToken.Parse("{ success: true, data: { id: 123, type: 'my-type', name: 'Noone' } }");
            json.Should().ContainSubtree(JToken.Parse("{ success: true, data: { type: 'my-type', name: 'Noone' } }"));
            </code>
            </example>
            <example>This example asserts that a <see cref="T:Newtonsoft.Json.Linq.JArray"/> within a <see cref="T:Newtonsoft.Json.Linq.JObject"/> has at least one element with at least the given properties</example>
            <code>
            var json = JToken.Parse("{ id: 1, items: [ { id: 2, type: 'my-type', name: 'Alpha' }, { id: 3, type: 'other-type', name: 'Bravo' } ] }");
            json.Should().ContainSubtree(JToken.Parse("{ items: [ { type: 'my-type', name: 'Alpha' } ] }"));
            </code>
        </member>
        <member name="M:FluentAssertions.Json.JTokenAssertions.ContainSubtree(Newtonsoft.Json.Linq.JToken,System.String,System.Object[])">
            <summary>
            Recursively asserts that the current <see cref="T:Newtonsoft.Json.Linq.JToken"/> contains at least the properties or elements of the specified <paramref name="substree"/>.
            </summary>
            <param name="subtree">The subtree to search for</param>
            <param name="because">
            A formatted phrase as is supported by <see cref="M:System.String.Format(System.String,System.Object[])" /> explaining why the assertion
            is needed. If the phrase does not start with the word <i>because</i>, it is prepended automatically.
            </param>
            <param name="becauseArgs">
            Zero or more objects to format using the placeholders in <see cref="!:because" />.
            </param>
            <remarks>Use this method to match the current <see cref="T:Newtonsoft.Json.Linq.JToken"/> against an arbitrary subtree, 
            permitting it to contain any additional properties or elements. This way we can test multiple properties on a <see cref="T:Newtonsoft.Json.Linq.JObject"/> at once,
            or test if a <see cref="T:Newtonsoft.Json.Linq.JArray"/> contains any items that match a set of properties, assert that a JSON document has a given shape, etc. </remarks>
            <example>
            This example asserts the values of multiple properties of a child object within a JSON document.
            <code>
            var json = JToken.Parse("{ success: true, data: { id: 123, type: 'my-type', name: 'Noone' } }");
            json.Should().ContainSubtree(JToken.Parse("{ success: true, data: { type: 'my-type', name: 'Noone' } }"));
            </code>
            </example>
            <example>This example asserts that a <see cref="T:Newtonsoft.Json.Linq.JArray"/> within a <see cref="T:Newtonsoft.Json.Linq.JObject"/> has at least one element with at least the given properties</example>
            <code>
            var json = JToken.Parse("{ id: 1, items: [ { id: 2, type: 'my-type', name: 'Alpha' }, { id: 3, type: 'other-type', name: 'Bravo' } ] }");
            json.Should().ContainSubtree(JToken.Parse("{ items: [ { type: 'my-type', name: 'Alpha' } ] }"));
            </code>
        </member>
        <member name="T:FluentAssertions.Json.JTokenFormatter">
            <summary>
            A <see cref="T:FluentAssertions.Formatting.IValueFormatter"/> for <see cref="T:Newtonsoft.Json.Linq.JToken" />.
            </summary>
        </member>
        <member name="M:FluentAssertions.Json.JTokenFormatter.CanHandle(System.Object)">
            <summary>
            Indicates whether the current <see cref="T:FluentAssertions.Formatting.IValueFormatter"/> can handle the specified <paramref name="value"/>.
            </summary>
            <param name="value">The value for which to create a <see cref="T:System.String"/>.</param>
            <returns>
            <c>true</c> if the current <see cref="T:FluentAssertions.Formatting.IValueFormatter"/> can handle the specified value; otherwise, <c>false</c>.
            </returns>
        </member>
        <member name="M:FluentAssertions.Json.JTokenFormatter.Format(System.Object,FluentAssertions.Formatting.FormattingContext,FluentAssertions.Formatting.FormatChild)">
            <summary>
            Returns a <see cref="T:System.String" /> that represents this instance.
            </summary>
            <param name="value">The value for which to create a <see cref="T:System.String"/>.</param>
            <param name="useLineBreaks"> </param>
            <param name="processedObjects">
            A collection of objects that 
            </param>
            <param name="nestedPropertyLevel">
            The level of nesting for the supplied value. This is used for indenting the format string for objects that have
            no <see cref="M:System.Object.ToString"/> override.
            </param>
            <returns>
            A <see cref="T:System.String" /> that represents this instance.
            </returns>
        </member>
        <member name="T:JetBrains.Annotations.CanBeNullAttribute">
            <summary>
            Indicates that the value of the marked element could be <c>null</c> sometimes,
            so the check for <c>null</c> is necessary before its usage.
            </summary>
            <example><code>
            [CanBeNull] object Test() => null;
            
            void UseTest() {
              var p = Test();
              var s = p.ToString(); // Warning: Possible 'System.NullReferenceException'
            }
            </code></example>
        </member>
        <member name="T:JetBrains.Annotations.NotNullAttribute">
            <summary>
            Indicates that the value of the marked element could never be <c>null</c>.
            </summary>
            <example><code>
            [NotNull] object Foo() {
              return null; // Warning: Possible 'null' assignment
            }
            </code></example>
        </member>
        <member name="T:JetBrains.Annotations.ItemNotNullAttribute">
            <summary>
            Can be appplied to symbols of types derived from IEnumerable as well as to symbols of Task
            and Lazy classes to indicate that the value of a collection item, of the Task.Result property
            or of the Lazy.Value property can never be null.
            </summary>
        </member>
        <member name="T:JetBrains.Annotations.ItemCanBeNullAttribute">
            <summary>
            Can be appplied to symbols of types derived from IEnumerable as well as to symbols of Task
            and Lazy classes to indicate that the value of a collection item, of the Task.Result property
            or of the Lazy.Value property can be null.
            </summary>
        </member>
        <member name="T:JetBrains.Annotations.ImplicitNotNullAttribute">
            <summary>
            Implicitly apply [NotNull]/[ItemNotNull] annotation to all the of type members and parameters
            in particular scope where this annotation is used (type declaration or whole assembly).
            </summary>
        </member>
        <member name="T:JetBrains.Annotations.StringFormatMethodAttribute">
            <summary>
            Indicates that the marked method builds string by format pattern and (optional) arguments.
            Parameter, which contains format string, should be given in constructor. The format string
            should be in <see cref="M:System.String.Format(System.IFormatProvider,System.String,System.Object[])"/>-like form.
            </summary>
            <example><code>
            [StringFormatMethod("message")]
            void ShowError(string message, params object[] args) { /* do something */ }
            
            void Foo() {
              ShowError("Failed: {0}"); // Warning: Non-existing argument in format string
            }
            </code></example>
        </member>
        <member name="M:JetBrains.Annotations.StringFormatMethodAttribute.#ctor(System.String)">
            <param name="formatParameterName">
            Specifies which parameter of an annotated method should be treated as format-string
            </param>
        </member>
        <member name="T:JetBrains.Annotations.ValueProviderAttribute">
            <summary>
            For a parameter that is expected to be one of the limited set of values.
            Specify fields of which type should be used as values for this parameter.
            </summary>
        </member>
        <member name="T:JetBrains.Annotations.InvokerParameterNameAttribute">
            <summary>
            Indicates that the function argument should be string literal and match one
            of the parameters of the caller function. For example, ReSharper annotates
            the parameter of <see cref="T:System.ArgumentNullException"/>.
            </summary>
            <example><code>
            void Foo(string param) {
              if (param == null)
                throw new ArgumentNullException("par"); // Warning: Cannot resolve symbol
            }
            </code></example>
        </member>
        <member name="T:JetBrains.Annotations.NotifyPropertyChangedInvocatorAttribute">
             <summary>
             Indicates that the method is contained in a type that implements
             <c>System.ComponentModel.INotifyPropertyChanged</c> interface and this method
             is used to notify that some property value changed.
             </summary>
             <remarks>
             The method should be non-static and conform to one of the supported signatures:
             <list>
             <item><c>NotifyChanged(string)</c></item>
             <item><c>NotifyChanged(params string[])</c></item>
             <item><c>NotifyChanged{T}(Expression{Func{T}})</c></item>
             <item><c>NotifyChanged{T,U}(Expression{Func{T,U}})</c></item>
             <item><c>SetProperty{T}(ref T, T, string)</c></item>
             </list>
             </remarks>
             <example><code>
             public class Foo : INotifyPropertyChanged {
               public event PropertyChangedEventHandler PropertyChanged;
             
               [NotifyPropertyChangedInvocator]
               protected virtual void NotifyChanged(string propertyName) { ... }
            
               string _name;
             
               public string Name {
                 get { return _name; }
                 set { _name = value; NotifyChanged("LastName"); /* Warning */ }
               }
             }
             </code>
             Examples of generated notifications:
             <list>
             <item><c>NotifyChanged("Property")</c></item>
             <item><c>NotifyChanged(() =&gt; Property)</c></item>
             <item><c>NotifyChanged((VM x) =&gt; x.Property)</c></item>
             <item><c>SetProperty(ref myField, value, "Property")</c></item>
             </list>
             </example>
        </member>
        <member name="T:JetBrains.Annotations.ContractAnnotationAttribute">
            <summary>
            Describes dependency between method input and output.
            </summary>
            <syntax>
            <p>Function Definition Table syntax:</p>
            <list>
            <item>FDT      ::= FDTRow [;FDTRow]*</item>
            <item>FDTRow   ::= Input =&gt; Output | Output &lt;= Input</item>
            <item>Input    ::= ParameterName: Value [, Input]*</item>
            <item>Output   ::= [ParameterName: Value]* {halt|stop|void|nothing|Value}</item>
            <item>Value    ::= true | false | null | notnull | canbenull</item>
            </list>
            If method has single input parameter, it's name could be omitted.<br/>
            Using <c>halt</c> (or <c>void</c>/<c>nothing</c>, which is the same)
            for method output means that the methos doesn't return normally.<br/>
            <c>canbenull</c> annotation is only applicable for output parameters.<br/>
            You can use multiple <c>[ContractAnnotation]</c> for each FDT row,
            or use single attribute with rows separated by semicolon.<br/>
            </syntax>
            <examples><list>
            <item><code>
            [ContractAnnotation("=> halt")]
            public void TerminationMethod()
            </code></item>
            <item><code>
            [ContractAnnotation("halt &lt;= condition: false")]
            public void Assert(bool condition, string text) // regular assertion method
            </code></item>
            <item><code>
            [ContractAnnotation("s:null => true")]
            public bool IsNullOrEmpty(string s) // string.IsNullOrEmpty()
            </code></item>
            <item><code>
            // A method that returns null if the parameter is null,
            // and not null if the parameter is not null
            [ContractAnnotation("null => null; notnull => notnull")]
            public object Transform(object data) 
            </code></item>
            <item><code>
            [ContractAnnotation("s:null=>false; =>true,result:notnull; =>false, result:null")]
            public bool TryParse(string s, out Person result)
            </code></item>
            </list></examples>
        </member>
        <member name="T:JetBrains.Annotations.LocalizationRequiredAttribute">
            <summary>
            Indicates that marked element should be localized or not.
            </summary>
            <example><code>
            [LocalizationRequiredAttribute(true)]
            class Foo {
              string str = "my string"; // Warning: Localizable string
            }
            </code></example>
        </member>
        <member name="T:JetBrains.Annotations.CannotApplyEqualityOperatorAttribute">
            <summary>
            Indicates that the value of the marked type (or its derivatives)
            cannot be compared using '==' or '!=' operators and <c>Equals()</c>
            should be used instead. However, using '==' or '!=' for comparison
            with <c>null</c> is always permitted.
            </summary>
            <example><code>
            [CannotApplyEqualityOperator]
            class NoEquality { }
            
            class UsesNoEquality {
              void Test() {
                var ca1 = new NoEquality();
                var ca2 = new NoEquality();
                if (ca1 != null) { // OK
                  bool condition = ca1 == ca2; // Warning
                }
              }
            }
            </code></example>
        </member>
        <member name="T:JetBrains.Annotations.BaseTypeRequiredAttribute">
            <summary>
            When applied to a target attribute, specifies a requirement for any type marked
            with the target attribute to implement or inherit specific type or types.
            </summary>
            <example><code>
            [BaseTypeRequired(typeof(IComponent)] // Specify requirement
            class ComponentAttribute : Attribute { }
            
            [Component] // ComponentAttribute requires implementing IComponent interface
            class MyComponent : IComponent { }
            </code></example>
        </member>
        <member name="T:JetBrains.Annotations.UsedImplicitlyAttribute">
            <summary>
            Indicates that the marked symbol is used implicitly (e.g. via reflection, in external library),
            so this symbol will not be marked as unused (as well as by other usage inspections).
            </summary>
        </member>
        <member name="T:JetBrains.Annotations.MeansImplicitUseAttribute">
            <summary>
            Should be used on attributes and causes ReSharper to not mark symbols marked with such attributes
            as unused (as well as by other usage inspections)
            </summary>
        </member>
        <member name="F:JetBrains.Annotations.ImplicitUseKindFlags.Access">
            <summary>Only entity marked with attribute considered used.</summary>
        </member>
        <member name="F:JetBrains.Annotations.ImplicitUseKindFlags.Assign">
            <summary>Indicates implicit assignment to a member.</summary>
        </member>
        <member name="F:JetBrains.Annotations.ImplicitUseKindFlags.InstantiatedWithFixedConstructorSignature">
            <summary>
            Indicates implicit instantiation of a type with fixed constructor signature.
            That means any unused constructor parameters won't be reported as such.
            </summary>
        </member>
        <member name="F:JetBrains.Annotations.ImplicitUseKindFlags.InstantiatedNoFixedConstructorSignature">
            <summary>Indicates implicit instantiation of a type.</summary>
        </member>
        <member name="T:JetBrains.Annotations.ImplicitUseTargetFlags">
            <summary>
            Specify what is considered used implicitly when marked
            with <see cref="T:JetBrains.Annotations.MeansImplicitUseAttribute"/> or <see cref="T:JetBrains.Annotations.UsedImplicitlyAttribute"/>.
            </summary>
        </member>
        <member name="F:JetBrains.Annotations.ImplicitUseTargetFlags.Members">
            <summary>Members of entity marked with attribute are considered used.</summary>
        </member>
        <member name="F:JetBrains.Annotations.ImplicitUseTargetFlags.WithMembers">
            <summary>Entity marked with attribute and all its members considered used.</summary>
        </member>
        <member name="T:JetBrains.Annotations.PublicAPIAttribute">
            <summary>
            This attribute is intended to mark publicly available API
            which should not be removed and so is treated as used.
            </summary>
        </member>
        <member name="T:JetBrains.Annotations.InstantHandleAttribute">
            <summary>
            Tells code analysis engine if the parameter is completely handled when the invoked method is on stack.
            If the parameter is a delegate, indicates that delegate is executed while the method is executed.
            If the parameter is an enumerable, indicates that it is enumerated while the method is executed.
            </summary>
        </member>
        <member name="T:JetBrains.Annotations.PureAttribute">
            <summary>
            Indicates that a method does not make any observable state changes.
            The same as <c>System.Diagnostics.Contracts.PureAttribute</c>.
            </summary>
            <example><code>
            [Pure] int Multiply(int x, int y) => x * y;
            
            void M() {
              Multiply(123, 42); // Waring: Return value of pure method is not used
            }
            </code></example>
        </member>
        <member name="T:JetBrains.Annotations.MustUseReturnValueAttribute">
            <summary>
            Indicates that the return value of method invocation must be used.
            </summary>
        </member>
        <member name="T:JetBrains.Annotations.ProvidesContextAttribute">
            <summary>
            Indicates the type member or parameter of some type, that should be used instead of all other ways
            to get the value that type. This annotation is useful when you have some "context" value evaluated
            and stored somewhere, meaning that all other ways to get this value must be consolidated with existing one.
            </summary>
            <example><code>
            class Foo {
              [ProvidesContext] IBarService _barService = ...;
            
              void ProcessNode(INode node) {
                DoSomething(node, node.GetGlobalServices().Bar);
                //              ^ Warning: use value of '_barService' field
              }
            }
            </code></example>
        </member>
        <member name="T:JetBrains.Annotations.PathReferenceAttribute">
            <summary>
            Indicates that a parameter is a path to a file or a folder within a web project.
            Path can be relative or absolute, starting from web root (~).
            </summary>
        </member>
        <member name="T:JetBrains.Annotations.SourceTemplateAttribute">
            <summary>
            An extension method marked with this attribute is processed by ReSharper code completion
            as a 'Source Template'. When extension method is completed over some expression, it's source code
            is automatically expanded like a template at call site.
            </summary>
            <remarks>
            Template method body can contain valid source code and/or special comments starting with '$'.
            Text inside these comments is added as source code when the template is applied. Template parameters
            can be used either as additional method parameters or as identifiers wrapped in two '$' signs.
            Use the <see cref="T:JetBrains.Annotations.MacroAttribute"/> attribute to specify macros for parameters.
            </remarks>
            <example>
            In this example, the 'forEach' method is a source template available over all values
            of enumerable types, producing ordinary C# 'foreach' statement and placing caret inside block:
            <code>
            [SourceTemplate]
            public static void forEach&lt;T&gt;(this IEnumerable&lt;T&gt; xs) {
              foreach (var x in xs) {
                 //$ $END$
              }
            }
            </code>
            </example>
        </member>
        <member name="T:JetBrains.Annotations.MacroAttribute">
            <summary>
            Allows specifying a macro for a parameter of a <see cref="T:JetBrains.Annotations.SourceTemplateAttribute">source template</see>.
            </summary>
            <remarks>
            You can apply the attribute on the whole method or on any of its additional parameters. The macro expression
            is defined in the <see cref="P:JetBrains.Annotations.MacroAttribute.Expression"/> property. When applied on a method, the target
            template parameter is defined in the <see cref="P:JetBrains.Annotations.MacroAttribute.Target"/> property. To apply the macro silently
            for the parameter, set the <see cref="P:JetBrains.Annotations.MacroAttribute.Editable"/> property value = -1.
            </remarks>
            <example>
            Applying the attribute on a source template method:
            <code>
            [SourceTemplate, Macro(Target = "item", Expression = "suggestVariableName()")]
            public static void forEach&lt;T&gt;(this IEnumerable&lt;T&gt; collection) {
              foreach (var item in collection) {
                //$ $END$
              }
            }
            </code>
            Applying the attribute on a template method parameter:
            <code>
            [SourceTemplate]
            public static void something(this Entity x, [Macro(Expression = "guid()", Editable = -1)] string newguid) {
              /*$ var $x$Id = "$newguid$" + x.ToString();
              x.DoSomething($x$Id); */
            }
            </code>
            </example>
        </member>
        <member name="P:JetBrains.Annotations.MacroAttribute.Expression">
            <summary>
            Allows specifying a macro that will be executed for a <see cref="T:JetBrains.Annotations.SourceTemplateAttribute">source template</see>
            parameter when the template is expanded.
            </summary>
        </member>
        <member name="P:JetBrains.Annotations.MacroAttribute.Editable">
            <summary>
            Allows specifying which occurrence of the target parameter becomes editable when the template is deployed.
            </summary>
            <remarks>
            If the target parameter is used several times in the template, only one occurrence becomes editable;
            other occurrences are changed synchronously. To specify the zero-based index of the editable occurrence,
            use values >= 0. To make the parameter non-editable when the template is expanded, use -1.
            </remarks>>
        </member>
        <member name="P:JetBrains.Annotations.MacroAttribute.Target">
            <summary>
            Identifies the target parameter of a <see cref="T:JetBrains.Annotations.SourceTemplateAttribute">source template</see> if the
            <see cref="T:JetBrains.Annotations.MacroAttribute"/> is applied on a template method.
            </summary>
        </member>
        <member name="T:JetBrains.Annotations.AspMvcActionAttribute">
            <summary>
            ASP.NET MVC attribute. If applied to a parameter, indicates that the parameter
            is an MVC action. If applied to a method, the MVC action name is calculated
            implicitly from the context. Use this attribute for custom wrappers similar to
            <c>System.Web.Mvc.Html.ChildActionExtensions.RenderAction(HtmlHelper, String)</c>.
            </summary>
        </member>
        <member name="T:JetBrains.Annotations.AspMvcAreaAttribute">
            <summary>
            ASP.NET MVC attribute. Indicates that a parameter is an MVC area.
            Use this attribute for custom wrappers similar to
            <c>System.Web.Mvc.Html.ChildActionExtensions.RenderAction(HtmlHelper, String)</c>.
            </summary>
        </member>
        <member name="T:JetBrains.Annotations.AspMvcControllerAttribute">
            <summary>
            ASP.NET MVC attribute. If applied to a parameter, indicates that the parameter is
            an MVC controller. If applied to a method, the MVC controller name is calculated
            implicitly from the context. Use this attribute for custom wrappers similar to
            <c>System.Web.Mvc.Html.ChildActionExtensions.RenderAction(HtmlHelper, String, String)</c>.
            </summary>
        </member>
        <member name="T:JetBrains.Annotations.AspMvcMasterAttribute">
            <summary>
            ASP.NET MVC attribute. Indicates that a parameter is an MVC Master. Use this attribute
            for custom wrappers similar to <c>System.Web.Mvc.Controller.View(String, String)</c>.
            </summary>
        </member>
        <member name="T:JetBrains.Annotations.AspMvcModelTypeAttribute">
            <summary>
            ASP.NET MVC attribute. Indicates that a parameter is an MVC model type. Use this attribute
            for custom wrappers similar to <c>System.Web.Mvc.Controller.View(String, Object)</c>.
            </summary>
        </member>
        <member name="T:JetBrains.Annotations.AspMvcPartialViewAttribute">
            <summary>
            ASP.NET MVC attribute. If applied to a parameter, indicates that the parameter is an MVC
            partial view. If applied to a method, the MVC partial view name is calculated implicitly
            from the context. Use this attribute for custom wrappers similar to
            <c>System.Web.Mvc.Html.RenderPartialExtensions.RenderPartial(HtmlHelper, String)</c>.
            </summary>
        </member>
        <member name="T:JetBrains.Annotations.AspMvcSuppressViewErrorAttribute">
            <summary>
            ASP.NET MVC attribute. Allows disabling inspections for MVC views within a class or a method.
            </summary>
        </member>
        <member name="T:JetBrains.Annotations.AspMvcDisplayTemplateAttribute">
            <summary>
            ASP.NET MVC attribute. Indicates that a parameter is an MVC display template.
            Use this attribute for custom wrappers similar to 
            <c>System.Web.Mvc.Html.DisplayExtensions.DisplayForModel(HtmlHelper, String)</c>.
            </summary>
        </member>
        <member name="T:JetBrains.Annotations.AspMvcEditorTemplateAttribute">
            <summary>
            ASP.NET MVC attribute. Indicates that a parameter is an MVC editor template.
            Use this attribute for custom wrappers similar to
            <c>System.Web.Mvc.Html.EditorExtensions.EditorForModel(HtmlHelper, String)</c>.
            </summary>
        </member>
        <member name="T:JetBrains.Annotations.AspMvcTemplateAttribute">
            <summary>
            ASP.NET MVC attribute. Indicates that a parameter is an MVC template.
            Use this attribute for custom wrappers similar to
            <c>System.ComponentModel.DataAnnotations.UIHintAttribute(System.String)</c>.
            </summary>
        </member>
        <member name="T:JetBrains.Annotations.AspMvcViewAttribute">
            <summary>
            ASP.NET MVC attribute. If applied to a parameter, indicates that the parameter
            is an MVC view component. If applied to a method, the MVC view name is calculated implicitly
            from the context. Use this attribute for custom wrappers similar to
            <c>System.Web.Mvc.Controller.View(Object)</c>.
            </summary>
        </member>
        <member name="T:JetBrains.Annotations.AspMvcViewComponentAttribute">
            <summary>
            ASP.NET MVC attribute. If applied to a parameter, indicates that the parameter
            is an MVC view component name.
            </summary>
        </member>
        <member name="T:JetBrains.Annotations.AspMvcViewComponentViewAttribute">
            <summary>
            ASP.NET MVC attribute. If applied to a parameter, indicates that the parameter
            is an MVC view component view. If applied to a method, the MVC view component view name is default.
            </summary>
        </member>
        <member name="T:JetBrains.Annotations.AspMvcActionSelectorAttribute">
            <summary>
            ASP.NET MVC attribute. When applied to a parameter of an attribute,
            indicates that this parameter is an MVC action name.
            </summary>
            <example><code>
            [ActionName("Foo")]
            public ActionResult Login(string returnUrl) {
              ViewBag.ReturnUrl = Url.Action("Foo"); // OK
              return RedirectToAction("Bar"); // Error: Cannot resolve action
            }
            </code></example>
        </member>
        <member name="T:JetBrains.Annotations.RazorSectionAttribute">
            <summary>
            Razor attribute. Indicates that a parameter or a method is a Razor section.
            Use this attribute for custom wrappers similar to 
            <c>System.Web.WebPages.WebPageBase.RenderSection(String)</c>.
            </summary>
        </member>
        <member name="T:JetBrains.Annotations.CollectionAccessAttribute">
            <summary>
            Indicates how method, constructor invocation or property access
            over collection type affects content of the collection.
            </summary>
        </member>
        <member name="F:JetBrains.Annotations.CollectionAccessType.None">
            <summary>Method does not use or modify content of the collection.</summary>
        </member>
        <member name="F:JetBrains.Annotations.CollectionAccessType.Read">
            <summary>Method only reads content of the collection but does not modify it.</summary>
        </member>
        <member name="F:JetBrains.Annotations.CollectionAccessType.ModifyExistingContent">
            <summary>Method can change content of the collection but does not add new elements.</summary>
        </member>
        <member name="F:JetBrains.Annotations.CollectionAccessType.UpdatedContent">
            <summary>Method can add new elements to the collection.</summary>
        </member>
        <member name="T:JetBrains.Annotations.AssertionMethodAttribute">
            <summary>
            Indicates that the marked method is assertion method, i.e. it halts control flow if
            one of the conditions is satisfied. To set the condition, mark one of the parameters with 
            <see cref="T:JetBrains.Annotations.AssertionConditionAttribute"/> attribute.
            </summary>
        </member>
        <member name="T:JetBrains.Annotations.AssertionConditionAttribute">
            <summary>
            Indicates the condition parameter of the assertion method. The method itself should be
            marked by <see cref="T:JetBrains.Annotations.AssertionMethodAttribute"/> attribute. The mandatory argument of
            the attribute is the assertion type.
            </summary>
        </member>
        <member name="T:JetBrains.Annotations.AssertionConditionType">
            <summary>
            Specifies assertion type. If the assertion method argument satisfies the condition,
            then the execution continues. Otherwise, execution is assumed to be halted.
            </summary>
        </member>
        <member name="F:JetBrains.Annotations.AssertionConditionType.IS_TRUE">
            <summary>Marked parameter should be evaluated to true.</summary>
        </member>
        <member name="F:JetBrains.Annotations.AssertionConditionType.IS_FALSE">
            <summary>Marked parameter should be evaluated to false.</summary>
        </member>
        <member name="F:JetBrains.Annotations.AssertionConditionType.IS_NULL">
            <summary>Marked parameter should be evaluated to null value.</summary>
        </member>
        <member name="F:JetBrains.Annotations.AssertionConditionType.IS_NOT_NULL">
            <summary>Marked parameter should be evaluated to not null value.</summary>
        </member>
        <member name="T:JetBrains.Annotations.TerminatesProgramAttribute">
            <summary>
            Indicates that the marked method unconditionally terminates control flow execution.
            For example, it could unconditionally throw exception.
            </summary>
        </member>
        <member name="T:JetBrains.Annotations.LinqTunnelAttribute">
            <summary>
            Indicates that method is pure LINQ method, with postponed enumeration (like Enumerable.Select,
            .Where). This annotation allows inference of [InstantHandle] annotation for parameters
            of delegate type by analyzing LINQ method chains.
            </summary>
        </member>
        <member name="T:JetBrains.Annotations.NoEnumerationAttribute">
            <summary>
            Indicates that IEnumerable, passed as parameter, is not enumerated.
            </summary>
        </member>
        <member name="T:JetBrains.Annotations.RegexPatternAttribute">
            <summary>
            Indicates that parameter is regular expression pattern.
            </summary>
        </member>
        <member name="T:JetBrains.Annotations.XamlItemsControlAttribute">
            <summary>
            XAML attribute. Indicates the type that has <c>ItemsSource</c> property and should be treated
            as <c>ItemsControl</c>-derived type, to enable inner items <c>DataContext</c> type resolve.
            </summary>
        </member>
        <member name="T:JetBrains.Annotations.XamlItemBindingOfItemsControlAttribute">
            <summary>
            XAML attribute. Indicates the property of some <c>BindingBase</c>-derived type, that
            is used to bind some item of <c>ItemsControl</c>-derived type. This annotation will
            enable the <c>DataContext</c> type resolve for XAML bindings for such properties.
            </summary>
            <remarks>
            Property should have the tree ancestor of the <c>ItemsControl</c> type or
            marked with the <see cref="T:JetBrains.Annotations.XamlItemsControlAttribute"/> attribute.
            </remarks>
        </member>
        <member name="T:JetBrains.Annotations.NoReorder">
            <summary>
            Prevents the Member Reordering feature from tossing members of the marked class.
            </summary>
            <remarks>
            The attribute must be mentioned in your member reordering patterns
            </remarks>
        </member>
    </members>
</doc>
